time,pelvis_tilt,pelvis_list,pelvis_rotation,pelvis_tx,pelvis_ty,pelvis_tz,hip_flexion_r,hip_adduction_r,hip_rotation_r,knee_angle_r,ankle_angle_r,subtalar_angle_r,mtp_angle_r,hip_flexion_l,hip_adduction_l,hip_rotation_l,knee_angle_l,ankle_angle_l,subtalar_angle_l,mtp_angle_l,lumbar_extension,lumbar_bending,lumbar_rotation
0.000000,0.000000,0.000000,0.000000,0.000000,0.000000,0.000000,0.000000,0.000000,0.000000,0.000000,0.000000,0.000000,0.000000,0.000000,0.000000,0.000000,0.000000,0.000000,0.000000,0.000000,0.000000,0.000000,0.000000
0.009952,0.359790,86.024515,40.201818,18.092902,12.641743,478.674159,36.601557,-16.456893,3.585901,-1.312460,1.889167,-0.759059,-0.159160,-41.039007,45.908398,-1.987065,11.935306,0.384453,0.307118,-0.082847,-9.336046,124.650477,9.501742
0.019904,25.575764,88.568059,49.800277,27.827924,22.192721,433.869046,52.498323,-16.548967,2.485397,-4.901425,2.145285,-1.246789,-0.141865,-55.635294,41.931922,-1.728838,15.112064,0.126911,0.163685,-0.068311,11.362238,126.938926,8.860447
0.029856,43.689955,72.086356,46.723339,-47.190397,99.079911,557.597236,56.540607,-24.520263,0.512101,-11.618448,1.952240,-1.428032,-0.082603,-35.283045,36.490271,-2.971967,9.231564,0.092950,0.127064,-0.030285,9.928849,125.199246,4.938232
0.039808,37.472774,48.653215,37.275379,-204.613458,183.002052,694.151490,59.056756,-30.636583,-1.422645,-18.727310,2.314261,-0.508780,-0.108887,-19.069028,39.886942,-4.978273,4.467212,0.152837,0.359770,-0.009594,-3.187594,122.017400,1.029635
0.049760,26.629816,38.295393,37.555522,-241.498597,216.203484,710.275712,56.982013,-35.220601,-2.245597,-21.231516,3.582808,0.498469,-0.237198,-17.466419,40.639235,-5.574493,4.317989,0.090070,0.503262,-0.003539,-5.606445,116.301669,2.602218
0.059712,32.458141,50.144743,40.176894,-167.278913,215.141099,673.912177,51.404187,-28.349382,-0.812369,-22.186323,5.757863,-0.391343,-0.438358,-15.750456,40.042335,-5.078863,4.071748,-0.012294,0.491707,-0.003933,3.967173,116.571964,5.797232
0.069663,39.077510,43.295651,48.562708,-147.461471,229.581293,683.873948,49.372904,-24.000231,4.531913,-26.140526,7.246876,-2.316249,-0.562163,-12.517315,43.358494,-5.304097,3.524417,-0.079558,0.494900,-0.003209,12.530638,114.386198,8.085159
0.079615,52.563124,24.850867,60.893872,-144.509598,251.527767,732.848659,55.059832,-30.566592,8.240472,-29.200756,5.626267,-2.409409,-0.391062,-5.618673,43.867706,-5.867807,2.096494,-0.039562,0.500794,-0.001286,15.741143,112.515878,10.659131
0.089567,63.283265,21.735784,59.355645,-95.197584,214.301334,757.255209,60.367614,-36.657632,5.985766,-28.779428,2.381505,-0.981394,-0.078331,-0.409976,43.427343,-5.650051,1.183844,-0.070605,0.495395,-0.000260,11.947701,116.242863,9.883869
0.099519,49.788750,25.915127,44.766981,-62.728285,113.702318,724.110080,49.149612,-37.557232,3.165192,-24.818166,0.515844,-0.162201,0.081467,-0.407800,46.065913,-4.890901,1.793876,-0.200733,0.537782,-0.003690,4.819421,117.292873,7.728106
0.109471,22.081803,23.872646,37.286398,-94.473117,40.480573,679.100557,25.416553,-35.508859,4.158671,-18.274438,0.523541,-0.262849,0.042842,-2.310060,48.878101,-4.419352,3.211529,-0.230870,0.600948,-0.011713,2.054832,109.334191,10.654397
0.119423,7.921688,15.844344,44.295793,-130.984595,15.321814,681.089002,13.994749,-36.915482,8.268387,-15.684429,1.384989,-0.740183,-0.057164,-2.793327,48.634214,-4.056801,3.717976,-0.173238,0.593186,-0.016373,0.509505,100.849421,15.466673
0.129375,17.087900,9.799340,51.110285,-98.787832,-31.087986,690.247855,23.978800,-40.528263,10.164052,-19.976868,2.095456,-1.063995,-0.104067,-1.929577,46.666545,-3.460421,2.915239,-0.183641,0.538095,-0.013942,-5.571791,97.244298,16.252730
0.139327,31.025183,10.145086,48.379878,-26.638997,-95.543275,682.016996,35.440589,-39.838596,7.565517,-24.022388,2.038358,-0.901659,-0.082979,1.179060,46.888483,-3.298238,2.008904,-0.230994,0.539854,-0.010291,-14.317174,97.128898,14.776588
0.149279,29.834046,11.852595,43.814926,6.124926,-127.197726,688.851340,30.722692,-37.334317,5.937697,-21.966554,1.406495,-0.586105,-0.040472,7.926814,49.150419,-3.912336,1.146206,-0.240672,0.607354,-0.006472,-21.798437,98.557763,14.983795
0.159231,17.972163,13.043980,42.151679,-19.692926,-163.777051,675.654023,17.993310,-38.589522,8.467276,-17.690100,0.848594,-0.548293,-0.008069,10.768406,48.300520,-3.958971,0.947390,-0.248087,0.653082,-0.003362,-24.499620,97.376902,15.904082
0.169183,12.984076,16.137086,39.432120,-49.185482,-229.862378,631.593948,12.780346,-40.904629,10.840431,-16.231126,0.638818,-0.648485,0.010320,6.008707,44.780322,-2.705238,2.014757,-0.276589,0.655998,-0.006565,-22.285865,95.033699,14.551144
0.179135,18.049264,11.450470,36.692286,-28.920888,-249.085677,642.041637,13.940584,-41.111655,10.300422,-16.028470,0.606835,-0.609075,0.013974,5.023712,45.414233,-1.963276,2.434061,-0.272130,0.662616,-0.012180,-20.527493,94.275810,11.671441
0.189087,20.586856,1.827589,36.277302,12.992895,-222.048147,687.335720,11.790499,-40.885027,9.564921,-14.583759,0.583985,-0.536691,0.009597,10.722903,47.863522,-2.539089,1.137261,-0.207344,0.641906,-0.012243,-21.944487,92.149932,10.163314
0.199038,25.074500,3.553755,37.523604,35.673330,-212.135564,706.451352,9.293357,-40.791157,9.691686,-13.491858,0.625846,-0.563779,0.003209,15.259406,45.868959,-3.093342,-0.765272,-0.136087,0.555314,-0.007918,-20.637120,92.078123,11.032808
0.208990,27.277003,5.797094,39.840948,31.693710,-216.393260,718.535240,9.837852,-42.007412,9.907578,-13.073515,0.698947,-0.607380,0.000713,11.758287,43.547224,-3.142641,-0.097089,-0.094151,0.495777,-0.009363,-16.493579,93.719382,12.168388
0.218942,5.443898,8.608950,35.319961,-28.208265,-257.794528,658.452257,5.156467,-43.204118,10.352386,-11.840709,0.723255,-0.674532,0.004695,-0.896867,42.165504,-2.409559,3.821529,-0.108332,0.541790,-0.017699,-18.343947,90.215293,10.638698
0.228894,-9.163599,21.421980,26.137935,-78.157496,-310.382293,568.828274,-1.160398,-41.117177,10.176460,-11.266899,0.887006,-0.887697,-0.005056,-5.297079,41.099776,-1.147951,4.777991,-0.255135,0.640265,-0.011098,-20.651190,87.770263,8.327225
0.238846,9.140118,13.063267,27.968778,-12.558376,-267.521608,635.149458,-1.264745,-40.721346,9.257948,-10.625360,1.131169,-1.003818,-0.026555,5.846403,48.675257,-1.231122,2.144599,-0.438167,0.759310,0.010813,-14.947805,89.902533,7.990360
0.248798,24.715530,-8.346466,34.427142,63.300078,-196.046834,740.873259,-0.424665,-44.938934,8.273140,-8.019893,1.141835,-0.511321,-0.026204,12.755876,55.085168,-2.257045,1.448195,-0.380565,0.763014,0.013275,-8.866874,90.960905,8.740539
0.258750,19.593946,-0.225390,30.400416,31.129785,-225.329210,698.717143,-2.125772,-48.049261,7.617427,-6.157869,1.067302,0.026167,-0.012166,7.767742,46.346138,-1.796762,2.187103,-0.174618,0.563785,-0.005910,-8.758727,91.883806,9.339053
0.268702,9.576722,15.198770,24.459103,-21.295117,-278.718739,632.580508,-5.391786,-47.458311,7.914717,-6.023199,1.220715,-0.367504,-0.022692,2.324469,39.343667,-0.230079,2.337605,-0.138049,0.456069,-0.017494,-9.516918,93.300142,9.092710
0.278654,5.275889,10.747097,24.743797,-16.144145,-245.397535,650.779166,-7.971069,-45.432598,8.014197,-5.350294,1.469369,-1.007961,-0.047518,2.003777,44.281161,0.645880,2.607907,-0.227720,0.561275,-0.014127,-6.989085,93.241405,7.754778
0.288606,2.591218,2.695070,24.491391,3.140774,-163.759035,684.942816,-8.277969,-47.178525,7.831878,-3.582501,1.715363,-1.095317,-0.062481,3.143547,46.546383,0.850582,2.918790,-0.269258,0.621168,-0.006476,-5.164432,93.685615,5.803712
0.298558,-1.136116,5.358414,23.371088,4.745944,-108.084030,692.411007,-8.610171,-50.995390,8.265710,-1.303116,1.937908,-1.075706,-0.073349,3.749089,41.546230,0.882025,2.642968,-0.251397,0.546482,-0.002110,-5.542205,97.079079,5.860793
0.308510,-3.584832,12.049319,25.661678,1.576682,-83.089324,692.917574,-13.675011,-49.760105,8.169246,2.321535,1.959541,-1.159264,-0.080362,6.738705,38.723675,0.798608,1.142411,-0.192461,0.481695,-0.003118,-4.356994,99.748503,8.788806
0.318462,-11.537134,12.850193,28.015647,-5.414878,-62.339079,690.421931,-25.215727,-45.443097,7.412659,7.584384,1.830810,-1.239872,-0.084242,9.959760,41.221434,0.586204,0.196661,-0.184093,0.514850,-0.001118,-1.542061,97.890827,10.757271
0.328413,-36.369508,13.299125,26.991953,-25.296995,-33.720894,679.912098,-39.323141,-42.290476,6.839386,13.810410,1.581928,-1.387512,-0.081259,4.029418,45.282726,0.054302,4.795517,-0.356177,0.605301,0.010359,-1.349697,97.647519,10.205448
0.338365,-57.447456,20.711017,24.565265,-28.185253,0.364413,675.354915,-48.325180,-38.357732,5.132620,20.522867,1.118078,-1.328830,-0.057470,-0.956826,46.669170,-0.424718,9.279233,-0.485747,0.641280,0.018282,-4.642689,102.351146,9.770678
0.348317,-46.853716,25.662084,21.246869,10.229822,21.706150,680.602367,-55.345754,-35.894898,2.411645,27.898361,0.484389,-1.003779,-0.018799,17.746796,44.087142,-0.079823,0.625899,-0.184980,0.613096,0.006292,-6.477517,103.307242,9.829878
0.358269,-34.918711,30.922990,16.548574,38.378611,9.192829,675.726762,-76.173288,-34.431218,1.999239,36.878868,-0.368359,-0.926842,0.017723,46.063957,39.438476,0.812668,-14.135907,0.269961,0.570827,-0.012129,-3.085667,100.384382,9.615708
0.368221,-62.697820,43.496245,13.356771,19.285871,-19.827885,659.825133,-104.023202,-28.552458,4.310051,44.668024,-1.262682,-1.141297,0.043151,45.453407,38.017634,1.332976,-13.925406,0.220842,0.564848,-0.010292,1.230991,101.961473,8.734154
0.378173,-85.024684,42.076328,12.465432,22.927383,-13.604844,660.934394,-95.749175,-30.998861,2.590728,42.907309,-1.524410,-1.203291,0.052839,17.860066,39.859766,0.810921,0.693759,-0.239132,0.593841,0.010484,1.323304,103.806615,7.189559
0.388125,-57.060185,17.927338,6.797547,86.701499,37.268545,691.810170,-56.440563,-54.741530,-5.341973,33.621901,-1.094254,-1.271297,0.056326,4.605171,36.965410,-0.591648,7.714061,-0.424824,0.536188,0.028478,0.562031,100.910375,6.431923
0.398077,-48.511390,9.406546,-1.200784,108.903979,77.122234,703.213780,-56.285486,-63.456776,-8.937256,32.862534,-0.907016,-1.273136,0.065949,13.899000,33.825445,-1.218909,2.189498,-0.233328,0.486568,0.032260,1.483103,99.336969,6.062233
0.408029,-90.801470,38.565457,0.580840,53.339863,77.596168,657.600431,-93.959775,-33.163546,-3.019191,40.821563,-1.223660,-0.770623,0.059260,18.236216,36.996659,-0.251804,-1.673215,-0.129152,0.567585,0.029495,3.269856,103.252408,5.695409
0.417981,-115.857335,57.687511,6.412196,16.821780,80.409229,619.307119,-109.785644,-13.631718,4.010071,42.649568,-1.265335,-0.442980,0.032580,14.031135,40.721849,0.719315,-0.785852,-0.153964,0.625056,0.026830,5.145833,107.858431,5.808895
0.427933,-112.688195,63.599713,12.197339,29.545926,87.320252,603.836383,-106.847496,-6.917137,6.757139,41.724727,-0.792216,-0.172490,0.002644,13.965737,42.681244,0.421538,-0.548921,-0.104736,0.604310,0.023288,5.647196,108.446890,5.426586
0.437885,-88.637714,62.565200,21.009395,75.674435,87.035568,624.607861,-89.271677,-4.446267,6.022792,33.230581,-0.404293,0.026519,0.046892,17.924562,47.199145,-0.435751,-1.104195,-0.068514,0.603623,0.023726,4.982253,106.796845,5.212655
0.447837,-37.190258,37.422666,36.553378,143.742454,135.937550,719.580218,-40.560346,-17.764178,3.654512,9.445572,-0.538454,0.185420,0.169632,21.218271,56.369711,-0.793387,-1.148051,-0.178307,0.612863,0.032550,0.230965,104.837579,6.607176
0.457788,11.051322,-5.973084,50.161387,196.613173,229.132940,829.449472,9.276392,-46.224958,3.272779,-17.719009,1.289248,0.327690,0.160188,23.412552,65.497041,-0.637905,-1.120138,-0.310365,0.598769,0.041307,-5.473107,101.795445,8.360740
0.467740,-0.454830,-13.872842,43.677015,177.742515,198.699655,807.631493,-14.211766,-60.260731,5.375864,-14.661226,5.060953,0.437764,-0.055556,29.446792,64.970563,-0.946664,-2.439389,-0.204178,0.635495,0.036198,-0.819958,97.720626,8.644529
0.477692,-38.302737,21.709022,26.106720,122.320901,16.667239,636.746981,-77.829522,-47.536058,5.281737,7.903861,7.932975,0.720123,-0.223462,41.326784,57.728283,-2.508143,-5.116460,-0.027490,0.755923,0.028214,6.303014,92.955392,7.547250
0.487644,-25.167489,51.862546,21.612755,148.251671,-153.165537,516.158703,-90.450450,-30.922773,4.068836,6.980353,9.005871,1.484484,-0.234644,55.917131,55.324290,-4.707934,-8.264098,-0.148379,0.732170,0.047126,3.962843,92.248279,6.397068
0.497596,30.577969,62.277489,29.134255,221.783974,-256.660665,573.355701,-60.895799,-25.444054,5.618319,-17.814126,8.192511,2.918756,-0.191832,67.702948,55.631006,-6.095513,-11.068554,-0.063831,0.487984,0.051467,3.646124,96.670730,7.328162
0.507548,47.962531,47.676680,33.853963,177.989071,-357.234016,683.769855,-54.867375,-37.560036,9.274498,-35.998237,5.479398,4.454317,-0.120144,64.343118,56.461972,-6.005996,-9.602657,0.754238,0.448473,-0.032868,9.977681,92.623518,9.807575
0.517500,30.446880,14.034349,31.815862,56.524133,-458.427668,708.926095,-69.404867,-62.469500,12.019725,-42.623915,2.210092,5.581778,-0.051204,51.330647,58.121183,-5.274460,-5.341739,1.676886,0.635457,-0.151032,15.955952,78.441331,11.547283
0.527452,33.379990,-12.800775,31.113522,5.149229,-539.348949,694.513413,-72.143190,-85.787641,13.875306,-48.838797,-0.834360,6.781616,-0.023252,48.340638,60.260154,-6.048564,-4.958142,1.944141,0.638631,-0.189132,18.584720,70.426945,13.609717
0.537404,53.162622,-15.194896,34.504250,18.672671,-593.965432,705.870418,-62.881800,-96.580154,15.706359,-55.319578,-4.130032,8.617992,-0.010130,55.470301,60.075267,-8.595291,-9.863628,1.864566,0.316728,-0.159415,16.834162,75.037326,15.699858
0.547356,63.209854,-2.740156,34.907752,47.915170,-612.450098,703.496961,-51.374315,-99.764635,16.980533,-59.696204,-7.765349,10.573357,0.006051,57.388963,50.682660,-10.414627,-15.243433,2.315433,0.125054,-0.169034,12.878048,79.445515,16.124122
0.557308,67.013784,10.550288,31.293632,67.586810,-612.367459,657.226941,-43.340343,-101.513568,17.355298,-61.995652,-11.451172,11.992444,0.015486,52.419547,36.365524,-11.575171,-17.868947,3.640263,0.346296,-0.268871,15.030578,77.237146,16.181636
0.567260,70.476234,18.561111,30.370048,69.921702,-619.263305,613.419754,-40.384392,-100.839597,17.050245,-62.061150,-15.088879,12.966035,0.014922,49.957503,31.637275,-13.568126,-19.147962,5.014519,0.176724,-0.380226,19.285210,75.459817,16.470294
0.577212,73.754514,20.011582,30.581234,72.626335,-626.933151,604.844619,-38.342033,-99.293520,16.263264,-60.158689,-18.629950,13.720994,0.012951,52.830065,37.047083,-14.516302,-21.185872,4.921910,-0.416348,-0.369601,18.237055,78.181186,16.266547
0.587163,78.096081,15.567979,29.536524,55.884012,-636.588337,611.733960,-34.106058,-99.015835,15.230802,-57.099939,-22.027841,14.242912,0.014779,51.467110,42.705443,-13.724371,-22.102772,2.937812,-0.206751,-0.204626,19.678568,80.956232,15.828575
0.597115,75.266364,5.797768,29.957943,19.565237,-660.858183,627.889774,-30.106672,-100.002729,14.481604,-52.764698,-25.262258,14.476151,0.016766,41.577523,44.723137,-13.318489,-20.629227,1.073853,0.526272,-0.056875,23.175403,80.234224,13.759853
0.607067,62.742045,-1.177609,30.486293,9.333240,-686.472437,655.267608,-27.919753,-100.965363,13.844474,-47.120185,-28.301250,14.451027,0.015778,31.242133,43.101345,-13.496738,-18.103007,0.746084,0.656532,-0.039193,19.181058,79.729656,9.525214
0.617019,55.947920,0.586202,27.427241,13.991039,-692.099421,670.578360,-26.106266,-100.439125,12.683942,-41.218111,-31.123997,14.242144,0.013006,27.913034,38.817223,-12.991176,-16.783988,1.354906,0.313285,-0.093858,13.074497,82.076830,6.206363
0.626971,59.752158,4.883115,22.844472,13.553310,-683.001289,664.130400,-23.016806,-97.407808,10.922848,-35.626754,-33.766873,13.970725,0.011393,28.684779,36.447009,-12.126300,-17.270248,1.972235,0.043604,-0.149123,11.627981,85.083724,4.810727
0.636923,62.778499,4.717308,20.842375,36.281116,-684.480126,645.017658,-17.884159,-92.555816,8.875315,-30.198656,-36.233557,13.743457,0.011204,25.830133,38.519993,-12.247877,-16.844300,1.714236,0.162697,-0.139164,10.942290,86.589040,3.456361
0.646875,58.370428,0.532973,20.930968,56.707620,-691.071535,632.123038,-13.922002,-89.155254,7.013794,-24.762206,-38.450900,13.559300,0.010794,18.705208,40.841053,-12.911390,-14.294700,0.572591,0.585282,-0.056195,8.872966,87.264783,1.864665
0.656827,45.809858,-5.265131,23.444964,26.123086,-673.625087,656.369601,-14.528826,-87.956138,5.583931,-19.095166,-40.398532,13.394120,0.011584,12.988719,41.836473,-13.129596,-11.945646,-0.306406,0.867143,0.013182,4.001848,88.497912,1.219720
0.666779,35.877311,-5.343291,27.719147,0.217426,-656.535609,689.147326,-13.020202,-85.288481,4.039875,-14.288636,-42.070803,13.279447,0.010880,10.863177,42.272783,-13.065448,-10.910950,-0.393383,0.871906,0.020605,-4.307190,89.964080,1.907885
0.676731,39.335599,3.460032,27.688471,36.208847,-680.573024,665.393835,-4.516761,-80.189768,2.163939,-11.174447,-43.448754,13.217612,0.005630,10.041407,40.751583,-12.627615,-10.338617,-0.073528,0.751515,-0.008339,-11.238954,90.655288,2.423053
0.686683,45.557830,4.126161,25.950679,68.993806,-698.170778,628.985492,2.277530,-77.743464,0.853140,-8.249183,-44.575802,13.104855,0.005322,9.300608,39.423335,-11.731311,-9.763400,0.305400,0.576673,-0.042536,-13.301893,88.499049,2.939072
0.696635,45.101825,-4.601131,30.434552,47.649375,-666.690883,648.121596,3.809687,-77.888257,0.402223,-5.149165,-45.454784,12.849989,0.009752,8.853828,40.727044,-11.373532,-9.081198,0.418648,0.495629,-0.050736,-12.641799,85.901778,5.365416
0.706587,36.190077,-1.918468,34.487585,28.240977,-647.657152,667.574048,4.805011,-74.816709,0.421759,-2.804276,-46.090793,12.466311,0.005020,6.619086,42.818427,-11.655533,-7.951581,0.183634,0.613765,-0.032284,-16.923274,88.257066,5.984643
0.716538,22.480386,9.931608,31.183000,47.335302,-665.284505,650.430230,5.351273,-69.450429,0.722735,-0.766848,-46.601360,12.073420,-0.002341,3.428440,44.347834,-11.211173,-6.735205,0.024358,0.629316,-0.024025,-26.725024,93.461022,2.740144
0.726490,20.083920,14.411649,29.373499,55.919538,-670.252695,643.162667,5.581429,-68.518987,0.785563,0.982890,-47.065880,11.756067,0.000689,3.685128,42.762362,-10.075083,-6.257258,0.072370,0.508476,-0.022518,-29.975831,94.565350,2.359475
0.736442,29.969703,8.402043,34.422035,26.758225,-656.910673,651.733948,7.608026,-72.656981,0.167470,1.772030,-47.536992,11.459990,0.006567,4.942971,37.339531,-9.749730,-5.756321,0.157336,0.755683,-0.013873,-23.527552,89.024066,6.262696
0.746394,36.317272,1.207760,38.618841,9.680742,-646.951203,647.848755,10.088829,-73.720667,-0.657245,2.510323,-48.197842,11.163673,0.007219,2.680757,34.616413,-9.860690,-4.109251,0.438927,1.038604,-0.030003,-17.289642,82.627617,8.954705
0.756346,36.511202,3.317704,36.648059,23.440633,-642.810869,636.173183,11.191597,-69.678217,-1.028165,4.072936,-49.251588,10.898414,0.005727,0.165966,37.097142,-8.929865,-2.101032,0.830985,0.660566,-0.065755,-16.448246,83.464471,9.107343
0.766298,33.833524,12.213817,33.138372,20.402130,-635.121382,634.498607,13.559627,-67.706285,-1.302441,5.270440,-50.770291,10.681181,0.006097,-1.355691,38.866265,-7.188480,-0.255970,0.887571,0.132428,-0.070307,-19.449139,89.611265,8.627567
0.776250,29.474384,17.391093,32.660151,1.601327,-622.879955,635.070110,19.349042,-69.150831,-2.174290,5.865897,-52.766188,10.559340,0.007911,-4.237073,37.865118,-5.660720,1.307319,0.860418,-0.013089,-0.061858,-23.342345,91.994550,8.891763
0.786202,28.404009,15.056521,33.544376,2.326204,-622.227674,624.728328,24.033163,-70.965574,-3.039381,7.670152,-55.301010,10.527526,0.007462,-6.320977,37.588444,-4.638921,2.300143,1.155677,-0.072465,-0.082519,-23.989933,88.074980,9.365261
0.796154,34.232429,5.890545,34.733760,4.749570,-625.149437,620.069748,28.812399,-75.674577,-3.233519,8.476732,-58.358585,10.516139,0.000956,-6.161446,38.753393,-3.922907,3.950326,1.365998,-0.149083,-0.095197,-21.385296,82.305593,8.983186
0.806106,29.938974,0.206751,37.362916,-22.666843,-610.336561,637.056010,32.175755,-81.816128,-3.871198,9.975736,-62.023350,10.621815,-0.000049,-9.485815,39.408509,-3.149243,7.894706,1.154782,-0.125583,-0.067805,-22.197684,80.734229,8.666054
0.816058,-0.686922,12.336485,39.077933,-63.866409,-584.745128,646.614174,22.611792,-82.075817,-5.769188,20.071109,-66.618761,10.962142,0.021526,-20.213257,38.831543,-1.989305,14.222919,0.955364,-0.141546,-0.046683,-27.842232,85.410230,8.529248
0.826010,-20.227243,24.434122,38.518195,-62.799087,-562.022202,623.522605,23.773112,-80.702398,-7.620395,25.832533,-72.023091,11.307711,0.037482,-35.462310,39.203709,-0.461838,22.323633,1.021514,-0.277541,-0.065025,-31.260979,88.025385,7.381517
0.835962,1.209312,8.219731,38.549248,-13.047986,-564.137523,613.516370,60.370717,-85.628561,-8.198335,12.394262,-77.821787,11.468884,0.015110,-51.682236,46.840681,0.080504,31.980615,0.803424,-0.186644,-0.075025,-30.489662,84.167711,6.087138
0.845913,28.878698,-19.557272,39.486136,25.454320,-603.605922,650.196967,95.694162,-94.002468,-8.050476,-2.199305,-83.822556,11.484172,-0.013282,-61.774684,59.544132,-1.317557,41.416151,-0.017371,0.272895,-0.032640,-29.012323,82.055424,5.836557
0.855865,13.494935,-24.094338,41.336916,-0.435930,-646.979148,673.382019,94.604592,-96.626944,-8.344090,1.227847,-89.543103,11.437437,-0.007545,-75.346685,64.357546,-0.676862,49.098443,-1.075016,0.436486,0.027092,-28.460358,82.368097,5.939784
0.865817,-53.668276,-19.958045,46.691926,-99.424990,-686.605992,670.483586,69.881341,-94.306495,-9.656415,17.312859,-94.436893,11.371324,0.026649,-109.184920,67.858811,4.628610,55.871833,-1.910085,0.074762,0.044059,-28.322299,79.969499,6.312684
0.875769,-79.855602,-26.105238,49.232486,-141.157049,-723.307089,683.607748,57.313279,-95.938117,-10.607638,25.866653,-98.454776,11.054783,0.048743,-118.919268,72.528988,6.553542,55.928677,-2.099075,-0.044817,0.025942,-26.739011,79.334669,6.880882
0.885721,8.059371,-3.474598,49.787659,-8.882106,-699.682981,661.310293,72.426034,-102.425265,-10.117590,17.213305,-101.804837,10.272018,0.041974,-60.604314,41.797002,-2.666365,42.922334,-1.386076,0.159963,0.026501,-24.613729,83.929542,6.946982
0.895673,83.668635,55.000436,66.487032,104.806359,-647.962285,588.900631,88.056226,-109.639144,-9.308045,6.581966,-104.449480,9.043222,0.038549,-16.463003,-21.720637,-12.518034,32.414819,-0.666633,-0.347501,0.070186,-22.670335,87.824425,7.585515
0.905625,31.675344,28.903461,67.047495,-5.826562,-657.672460,635.552751,84.016409,-104.246538,-7.098430,4.019420,-105.895157,7.361483,0.039461,-54.098995,11.780898,-7.987378,40.308181,-0.904404,-0.040990,0.044719,-19.795732,83.827549,8.648789
0.915577,-65.032317,-51.100247,47.168359,-169.316520,-732.182409,751.582289,75.542792,-90.082494,-3.964015,2.308445,-105.646584,5.351406,0.033260,-120.593075,104.272450,3.467848,56.673055,-1.165284,1.747024,-0.010576,-19.013624,74.693634,8.449617
0.925529,-64.943794,-54.359852,41.011885,-150.261920,-733.871423,741.996042,78.097367,-84.525987,-3.583134,-2.451346,-103.423275,3.594861,0.040090,-118.670260,109.488209,5.998265,52.191379,-0.753693,2.080032,0.035231,-22.689971,71.839949,8.196757
0.935481,4.043635,-26.903500,36.889526,-63.378774,-605.610581,664.766087,82.447694,-83.326370,-4.372670,-7.055712,-98.959182,2.215968,0.057686,-52.435357,81.307474,-0.672436,27.501366,-0.569948,2.892803,0.097687,-30.321362,78.226821,8.782662
0.945433,35.352850,6.627884,39.820484,-62.601849,-477.628176,594.686860,78.940205,-78.858648,-2.862436,-10.383357,-91.994114,0.786298,0.065915,-11.357349,53.312504,-4.463637,1.904227,2.289141,3.953977,0.045605,-36.146090,84.724498,8.347973
0.955385,33.034305,36.285827,48.505148,-50.350131,-437.198151,569.684690,78.306749,-69.188356,-0.650035,-14.941249,-82.328822,-0.576668,0.063869,-21.112342,30.270231,-4.392896,-4.470334,6.446031,5.502426,-0.114695,-30.694558,88.295813,7.824125
0.965337,42.539204,36.592963,51.014703,32.781934,-481.223679,615.331617,88.415427,-55.593108,0.062125,-21.479220,-70.183347,-1.475812,0.067011,-46.590820,30.582420,-4.761223,3.534968,8.233762,7.592806,-0.192361,-17.060217,93.274340,9.577062
0.975288,64.596947,0.706158,45.741058,91.663173,-562.228171,707.507622,98.433885,-45.384515,-0.001102,-26.720319,-56.486201,-1.808779,0.086187,-49.632495,57.311465,-6.541283,0.294176,8.282123,10.162537,-0.162260,-11.193006,97.589236,11.858040
0.985240,69.594654,-29.724883,39.663554,64.807369,-615.702642,747.638465,91.015718,-38.195781,0.838221,-25.566963,-42.182206,-1.728187,0.065477,-36.011547,81.753136,-8.590958,-18.520353,7.062883,12.932740,-0.134867,-14.376947,100.452250,12.649554
0.995192,43.288653,-16.577883,38.481397,-11.751249,-624.604693,687.372017,64.723631,-28.818224,2.345099,-17.309063,-28.175916,-1.549188,-0.068772,-37.330556,74.202008,-8.265213,-35.199217,4.529565,15.389195,-0.109031,-14.984298,104.903273,11.810294
1.005144,22.081718,14.359263,41.450093,-59.912939,-607.840183,604.133580,44.529126,-23.087920,2.344184,-10.584991,-16.364780,-1.577992,-0.206239,-49.031317,42.801214,-5.363864,-43.672731,1.152036,17.575325,-0.069624,-10.095605,109.018360,8.296079
1.015096,38.018487,28.406467,44.565764,-39.894088,-584.342223,577.673939,49.389422,-24.048841,0.383955,-13.029200,-8.262327,-1.488795,-0.179125,-48.890382,17.744607,-2.476472,-50.959766,-2.940509,20.078930,-0.038130,-5.527359,111.595407,3.788847
1.025048,69.514988,25.907932,46.256425,8.064143,-567.793609,606.099877,64.163025,-25.639633,-1.408524,-20.986451,-3.913555,-1.032305,-0.078568,-36.630032,11.946750,-1.562249,-59.158455,-7.883274,22.840621,-0.016235,-3.543740,114.335631,2.802698
1.035000,81.886144,12.756249,48.158171,36.690932,-544.847058,634.538024,64.242487,-28.781313,-0.972829,-23.704645,0.408927,-0.923753,-0.119146,-24.776337,14.071077,-1.833787,-64.824562,-13.325766,25.128324,-0.002589,-0.089854,114.300344,5.065031
1.044952,80.137245,3.383980,46.531604,35.889101,-554.744280,636.112693,53.858377,-29.023828,0.215474,-23.165575,4.655438,-0.964337,-0.323757,-18.116207,13.803671,-1.606371,-66.669348,-18.870604,26.619171,0.001974,4.879368,110.484097,6.532427
1.054904,84.393060,1.878604,48.396130,27.437779,-594.206906,659.599269,53.438176,-26.814422,1.496868,-26.978118,6.473989,-1.039342,-0.500351,-14.524644,13.254221,-1.052318,-66.053589,-24.364707,27.421340,0.001326,7.140138,108.175283,7.024479
1.064856,92.822920,-6.212560,58.018293,15.428704,-586.159691,713.800138,61.976272,-29.362135,3.627538,-31.483702,6.274081,-0.801564,-0.453207,-12.392767,16.455935,-1.143565,-63.806735,-29.692163,27.658169,-0.004543,8.925089,109.041631,8.586450
1.074808,94.616652,-17.984053,60.998991,-0.466762,-555.022539,727.107731,63.059668,-34.010268,4.415106,-31.344084,3.913718,-0.492581,-0.213505,-10.848292,19.231806,-1.114218,-59.758813,-34.819320,27.355375,-0.010390,12.486977,108.939963,9.997499
1.084760,86.562368,-17.137107,52.894921,-0.032482,-588.403596,680.698486,50.454167,-35.102549,3.789881,-27.270438,1.450437,-0.606858,0.005826,-8.215292,15.938987,-0.124228,-54.528614,-39.717539,26.554135,-0.007969,13.289126,105.705564,10.004710
1.094712,78.161402,-5.353858,46.428985,17.208777,-654.994600,629.714830,36.396606,-33.896772,3.827132,-23.712403,0.756806,-1.001795,0.049165,-3.315233,9.809659,0.485204,-49.232414,-44.156480,25.506619,-0.003798,9.538489,102.499263,10.873243
1.104663,72.695464,1.765246,46.541251,26.803015,-668.342226,608.296734,30.714191,-31.753937,4.586097,-22.452112,1.545947,-1.160908,-0.041375,1.194828,8.154080,-0.388231,-43.604174,-47.984134,24.459676,-0.004996,3.549385,99.697797,13.172342
1.114615,66.332471,-2.901439,50.265430,24.517862,-644.009741,615.887541,30.238459,-30.989776,5.927253,-22.942157,2.322520,-1.103185,-0.121441,2.294112,10.904720,-1.691152,-37.156517,-51.291065,23.446170,-0.006245,-1.982458,94.907500,14.684601
1.124567,60.770383,-8.817682,54.103292,20.919635,-634.115091,635.777010,28.458300,-33.267296,7.383610,-23.620634,2.382240,-1.018678,-0.130213,2.294446,11.985375,-2.207590,-30.567075,-54.083400,22.491114,-0.007705,-5.344916,90.353682,15.443350
1.134519,59.840424,-5.352601,53.683448,15.032339,-653.302393,639.952381,24.087579,-35.487218,7.997946,-22.985470,1.996056,-0.917954,-0.099744,5.061989,10.503003,-2.217200,-24.675958,-56.334554,21.633529,-0.011005,-7.621529,89.102805,16.346983
1.144471,64.653521,2.200894,50.514072,18.120230,-674.682427,628.856788,20.801821,-36.015472,8.053504,-20.871775,1.541731,-0.679376,-0.064280,10.679602,10.104123,-2.658480,-19.677994,-58.108201,20.841194,-0.008089,-9.377490,90.703604,16.862638
1.154423,63.817059,5.849865,48.559490,41.638350,-661.911564,631.743076,20.108142,-36.409638,7.743007,-18.670930,1.083013,-0.269688,-0.027802,13.984887,11.817910,-3.528058,-14.392351,-59.358551,20.102112,0.001053,-13.372895,93.256484,16.130753
1.164375,46.085468,5.216793,46.558855,60.945638,-643.146323,645.416043,17.598649,-36.588196,7.396283,-17.299359,0.630090,-0.076451,0.007156,12.103773,15.657166,-4.207728,-8.439498,-60.011082,19.363899,0.004856,-22.856635,94.148457,14.063030
1.174327,32.735455,3.338795,44.114839,58.387285,-654.899398,643.887043,12.071552,-35.348059,7.709957,-15.742690,0.467248,-0.320700,0.016204,11.779973,20.697355,-4.619124,-4.481982,-60.128897,18.554935,0.003281,-28.450472,93.230806,12.291542
1.184279,41.298736,1.906560,43.301008,49.600077,-658.785898,635.588996,8.196166,-33.603441,8.068757,-13.610078,0.724223,-0.599473,-0.008752,16.983473,24.603382,-5.034673,-3.340954,-59.773608,17.779596,0.005572,-22.809588,92.726939,11.808165
1.194231,52.233282,4.312910,43.865691,36.476958,-627.724449,647.762114,7.090904,-33.389958,8.008445,-12.111449,0.967855,-0.650092,-0.028695,21.127034,26.460251,-5.283922,-2.107208,-58.918055,16.993130,0.004818,-14.555413,95.970266,11.828289
1.204183,52.355192,10.932979,44.456259,4.599976,-604.275892,673.811810,5.427688,-34.054072,8.068735,-11.373994,0.817064,-0.650323,-0.013084,18.405094,28.178310,-4.844634,1.476821,-57.767104,15.973625,-0.002555,-8.138320,102.427886,12.063812
1.214135,50.576946,11.436768,42.498088,-11.706527,-614.202662,673.058513,2.929197,-34.189827,7.707589,-10.355801,0.612498,-0.567560,0.007796,14.634112,29.630198,-3.931071,5.930795,-56.675861,14.896749,-0.000966,-4.752674,102.338748,11.388235
1.224087,46.453330,3.720572,36.642363,27.517470,-627.047747,637.625713,1.352559,-35.847033,6.469044,-8.549662,0.808443,-0.229410,-0.001248,16.926745,27.245587,-3.406308,8.094452,-55.636982,13.962964,-0.000020,-11.036242,93.889651,9.015060
1.234038,41.570063,-0.425698,33.217145,64.929268,-626.239794,621.933281,0.085328,-39.364650,5.782681,-6.598065,1.213873,-0.066044,-0.025826,20.705183,24.886181,-3.387124,8.213855,-54.746914,13.151772,-0.010998,-17.216618,91.047183,7.765043
1.243990,47.775980,-1.178701,36.646882,46.074697,-627.969671,652.733634,-1.558578,-41.498135,5.975449,-5.113375,1.511446,-0.418864,-0.046060,21.805450,29.340426,-3.433199,8.929375,-54.489225,12.655538,-0.005315,-10.425162,97.172448,8.675998
1.253942,58.295522,-5.011818,40.521117,18.414029,-626.756858,679.013310,-1.519079,-41.976923,5.603654,-4.186498,1.807522,-0.803077,-0.066582,22.894818,33.821596,-3.445722,10.645473,-54.796392,12.307426,0.010348,-2.277164,99.733866,8.986869
1.263894,59.190038,-4.259860,40.771675,19.348926,-607.295533,663.937609,0.021750,-40.241069,4.560508,-3.464615,2.141046,-0.915882,-0.090205,24.945129,30.186569,-3.701605,11.788537,-55.273128,11.670950,-0.000525,-3.620628,94.935940,8.535477
1.273846,52.996570,5.736055,41.372141,23.550710,-582.784644,640.447850,-2.952337,-34.464541,3.607296,-0.685117,2.073395,-0.835792,-0.087426,27.412705,25.222148,-4.368093,11.905442,-56.190537,11.026932,-0.016882,-6.769132,91.999109,9.433838
1.283798,43.169508,10.047078,42.977302,7.906683,-565.659227,646.014163,-13.157064,-31.188673,3.296287,5.028101,1.624156,-0.661958,-0.051371,28.662940,26.561078,-4.670748,12.687328,-57.937560,10.769266,-0.010708,-5.688395,94.936724,10.816080
1.293750,22.180382,-0.047575,41.506323,-36.666888,-554.946817,672.542099,-29.705134,-38.447546,4.867354,11.307138,1.530923,-0.917454,-0.047617,26.787069,29.514261,-4.045439,14.920724,-60.360766,10.683665,-0.001537,-4.190091,99.065042,10.620104
1.303702,-6.536807,-4.474476,37.631926,-90.920335,-546.035089,689.521860,-50.220242,-44.283542,6.597602,18.741021,1.744939,-1.468211,-0.093733,25.866650,27.453172,-3.657982,16.662059,-63.228452,10.550778,-0.003185,-5.155508,101.425400,9.545851
1.313654,-17.194550,3.125227,36.273526,-89.846164,-534.265368,690.230914,-61.548602,-39.016645,5.307375,26.729730,1.422715,-1.477649,-0.100421,31.765443,22.997268,-4.399356,16.632562,-66.594029,10.512046,-0.003928,-7.508293,101.301519,8.598998
1.323606,-18.730250,-1.900792,32.731928,-48.983998,-570.834194,685.204471,-76.905755,-44.123482,5.957644,32.012115,0.274599,-1.806754,-0.035649,42.844617,20.042580,-5.774741,16.060111,-70.513296,10.702402,0.002913,-7.742707,99.887938,7.512338
1.333558,-59.542917,10.018574,23.660141,-86.303387,-687.395362,636.891527,-129.372725,-37.399961,9.275628,47.959742,-1.471981,-2.138312,0.047908,50.771351,17.229903,-6.660017,16.428222,-74.904527,10.944911,0.009647,-3.910246,99.121295,6.758719
1.343510,-86.402621,39.884579,19.024040,-144.629588,-747.647434,582.049198,-153.676105,-13.326991,4.357136,64.953861,-2.352852,-1.010681,0.085186,50.319667,14.894713,-5.801105,17.434093,-79.658195,11.023600,0.009000,-1.481370,98.851236,6.228879
1.353462,13.202222,4.794902,18.128740,-17.798703,-642.873545,628.592940,-58.767767,-49.948919,-8.578362,37.367065,-1.115703,-0.765664,0.072532,49.806634,12.512788,-5.060701,17.372493,-84.474302,11.154038,0.009096,-3.557657,99.544803,4.179552
1.363413,125.261146,-45.469952,12.929970,169.250852,-537.517018,690.628860,34.685888,-104.737349,-16.323211,3.503473,0.150987,-1.712612,0.072461,56.569248,8.035296,-6.527315,15.652981,-89.050163,11.459702,0.019718,-3.920341,101.806117,1.802643
1.373365,53.165817,-31.925924,1.560874,88.861869,-606.895442,670.641248,-36.911386,-90.526958,-13.248449,29.083995,-0.671557,-1.567842,0.085694,59.177406,7.930203,-6.785892,13.862942,-93.326240,11.470956,0.028462,1.237183,104.068289,1.993507
1.383317,-67.155936,15.257230,4.987312,-125.236644,-697.902385,604.939328,-135.358186,-32.658109,-1.537877,56.052336,-1.555493,-0.582125,0.058588,52.363319,14.633968,-4.526091,12.638146,-96.946719,11.031129,0.021849,7.379299,105.062119,3.078669
1.393269,-72.195235,29.554194,19.709837,-171.389954,-662.085479,577.315392,-129.627508,-11.231685,8.620981,42.530701,-1.285863,-0.492014,0.026540,48.695956,19.320496,-3.805207,10.672046,-99.418539,10.551954,0.019430,9.571281,105.818837,3.280907
1.403221,-31.723072,28.446409,29.571661,-99.357135,-608.920383,586.792005,-95.154285,-12.816320,9.261031,30.618595,-0.853878,-0.601841,0.013387,52.123571,20.960099,-4.984327,7.499730,-100.498114,10.126365,0.030614,9.821353,106.236280,4.030796
1.413173,-1.372260,32.119919,39.807399,-41.940288,-609.369782,610.457567,-74.142832,-7.642185,5.773999,26.258946,-0.486172,-0.341745,-0.001406,55.849316,25.041801,-5.458468,4.088207,-99.813173,9.552220,0.034312,11.377917,103.539267,6.452372
1.423125,39.946743,10.580532,50.746165,-12.686018,-540.236436,681.100133,-36.478311,-22.397104,3.598453,7.831717,-0.493667,-0.528227,0.061417,58.501697,30.014348,-5.574082,0.869660,-96.964727,8.829213,0.031174,11.389247,100.130836,10.381248
1.433077,89.349746,-29.367676,54.435879,-17.924493,-339.269029,759.647195,21.255046,-57.591530,2.406529,-20.671915,-0.471224,-0.922489,0.158439,58.704161,30.870713,-5.728885,-2.211715,-91.734775,7.922236,0.036261,8.479934,98.425239,13.573862
1.443029,92.083085,-52.937182,46.424136,-61.954717,-149.476868,747.980842,35.028099,-81.385203,3.831942,-27.128526,0.688836,-1.243639,0.077355,57.544226,31.545645,-5.007346,-6.278617,-83.865869,6.796651,0.041104,8.080869,96.797897,14.169959
1.452981,46.057334,-36.480301,37.267816,-89.170329,-81.949306,638.773013,-9.364062,-68.536110,5.628925,-0.721469,2.562544,-1.317495,-0.182606,59.549117,35.428126,-4.549521,-10.800894,-73.569644,5.632416,0.064576,10.660778,95.359860,13.279000
1.462933,20.937540,-0.229979,36.485772,-72.454097,-86.395129,556.509376,-37.427418,-37.306786,4.059622,20.639372,3.550535,-0.991089,-0.345133,63.105395,37.898270,-5.512679,-13.933776,-61.398028,4.615157,0.115881,9.493654,95.367238,12.131277
1.472885,34.788305,19.695753,38.768609,-67.475428,-82.934556,562.608108,-25.085447,-19.239761,2.378581,13.577980,3.092929,-0.658862,-0.280250,63.712372,39.433512,-6.049447,-16.266327,-47.223579,3.669631,0.086398,6.313299,93.804090,10.908514
1.482837,30.656327,9.469226,37.788572,-116.584728,-52.242151,595.444340,-24.727949,-23.206525,4.226595,1.103532,1.606748,-0.759055,-0.108184,56.007769,44.922204,-4.739440,-15.866820,-32.022837,2.776267,-0.082583,6.855242,85.404129,10.910206
1.492788,2.283434,-14.072563,35.799217,-177.528125,1.160899,616.660342,-46.540738,-35.137510,6.161722,1.301903,0.448746,-0.937941,0.001293,45.474141,51.802700,-3.723036,-12.126185,-19.096989,2.092945,-0.221633,10.870181,73.357256,12.142603
1.502740,-1.189271,-28.951507,36.765171,-186.161601,56.060330,635.454222,-55.963344,-40.591254,5.270295,5.051232,0.324640,-0.865984,0.009545,46.049225,55.502854,-5.911650,-11.092061,-10.167698,0.958378,-0.182977,16.050088,64.802951,12.134256
1.512692,19.263499,-29.379628,37.869404,-168.598048,95.868686,636.035990,-48.858775,-40.588962,4.479780,4.350233,0.499672,-0.783883,-0.007238,54.960991,52.736951,-9.967908,-15.287941,-4.325411,-0.474631,-0.060922,20.090444,60.564174,10.594806
1.522644,23.619439,-14.675901,36.820098,-176.540005,135.891199,611.579775,-39.944166,-39.471140,4.774637,2.323563,0.454710,-0.724488,-0.004714,53.948475,42.824802,-11.747410,-19.101097,-0.804289,-1.320778,-0.036504,20.689200,61.980984,10.471546
1.532596,14.700025,6.198747,35.755639,-173.848467,202.393123,597.301186,-32.059932,-40.518315,4.981005,1.456820,0.329753,-0.614243,0.008949,41.789775,32.857734,-11.324355,-17.916606,3.206269,-2.345560,-0.193705,22.314598,69.213225,12.115371
1.542548,24.058114,12.351816,38.157442,-145.342746,254.261623,594.213630,-23.998011,-40.765061,4.841149,0.900850,0.282164,-0.548297,0.015557,37.057154,36.301490,-13.052648,-14.581924,4.910873,0.052001,-0.426161,29.497232,74.598385,12.209888
1.552500,54.937861,9.528430,35.300490,-119.213825,246.504343,571.255550,-18.211381,-37.098670,4.279468,0.226230,0.260341,-0.533842,0.016373,51.171541,43.615317,-16.158023,-18.984248,5.925467,0.816181,-0.512712,36.538090,75.299540,10.720502
1.562452,67.609313,5.317902,29.152570,-101.546323,210.245676,555.748293,-15.063857,-36.932481,3.692704,-0.565419,0.257281,-0.556218,0.019946,56.466069,47.028627,-15.017669,-22.044388,4.937237,0.112403,-0.402356,37.236452,76.261398,10.917856
1.572404,58.875027,4.390794,27.173700,-88.364408,172.802695,575.405148,-13.696818,-41.947833,3.775054,-1.188856,0.325296,-0.624265,0.017461,45.044350,42.909221,-12.319375,-20.016483,2.454223,-0.249086,-0.174881,35.858720,76.891912,11.963919
1.582356,46.617303,1.360772,30.203112,-100.830910,108.540311,595.445472,-14.058478,-44.830794,4.262414,-1.220734,0.362142,-0.662825,0.009933,29.796153,38.302978,-12.141762,-16.375321,0.243201,0.580866,0.011366,35.718488,74.687607,10.708715
1.592308,34.544745,0.626596,30.309027,-110.523544,21.610253,592.725097,-13.999727,-44.544704,4.230770,-1.157416,0.274998,-0.610129,0.013272,19.893084,36.542256,-12.315791,-14.830134,-0.257443,0.925112,0.041604,29.718629,76.904829,7.487908
1.602260,24.878954,5.455538,28.279213,-82.538182,-25.715637,601.815750,-12.320916,-43.692621,3.553884,-1.423465,0.198207,-0.540817,0.021189,17.654172,38.503412,-12.501434,-14.712180,0.443584,0.612334,-0.030206,17.978895,86.189129,5.125132
1.612212,22.189285,6.700208,29.193713,-60.468888,-32.219953,632.225582,-11.114967,-42.715149,2.982177,-1.591927,0.245368,-0.565436,0.017851,19.817603,42.407467,-13.368789,-15.074660,1.203048,0.383509,-0.102273,10.422468,92.158820,4.669781
1.622163,23.440365,0.643448,30.584499,-70.995490,-65.033230,644.114385,-9.192791,-42.196627,2.632318,-1.931173,0.300371,-0.610892,0.011087,18.238063,43.849303,-13.660595,-14.769065,1.269669,0.383157,-0.113253,8.518919,89.206710,3.688634
1.632115,23.919165,-3.765015,28.886902,-61.189977,-130.891773,619.443677,-4.603395,-42.472833,2.198126,-2.811186,0.290402,-0.604101,0.010291,10.688781,42.026861,-13.150762,-12.629977,0.559458,0.588647,-0.061157,6.372996,84.752705,1.286803
1.642067,23.106813,1.218475,26.162704,-11.796691,-182.042540,593.673697,-1.319607,-41.449905,1.930963,-3.386719,0.280028,-0.621560,0.007780,5.253735,39.955411,-12.818361,-10.488330,-0.211058,0.824977,-0.001341,1.660398,86.289420,0.139304
1.652019,21.041666,11.206607,26.472711,23.163954,-206.581560,597.933838,-1.234584,-38.545157,2.000360,-3.148520,0.177397,-0.621135,0.010573,5.139147,39.418727,-12.800190,-9.983901,-0.442717,0.895285,0.019517,-3.517939,91.373254,1.489806
1.661971,18.820812,13.375152,29.167691,25.369251,-219.169013,617.873456,-0.242274,-37.933119,2.065604,-2.922523,0.033289,-0.564796,0.020776,4.056383,39.945679,-12.391010,-9.626937,-0.250898,0.796990,0.003870,-6.056237,93.482942,2.779127
1.671923,16.781287,5.191073,30.872474,23.985847,-232.440367,631.875466,2.140174,-41.467693,1.883592,-3.147408,0.179987,-0.600476,0.009529,1.449249,40.531421,-12.009354,-8.679034,0.128370,0.622578,-0.029241,-8.053551,92.193648,1.974093
1.681875,17.273109,0.907992,30.358479,18.000718,-255.066311,633.425385,3.178362,-45.208126,1.579218,-3.337965,0.416755,-0.688330,-0.011311,2.074017,38.513735,-11.677969,-8.418447,0.484063,0.464227,-0.052929,-10.564719,91.636777,0.766589
1.691827,19.361329,3.388640,28.917537,3.729858,-277.321798,624.384692,2.373024,-45.345653,1.354664,-3.192867,0.301399,-0.646386,-0.003691,3.235755,36.957837,-10.951955,-8.273293,0.516950,0.419089,-0.050231,-10.498757,91.799399,1.192426
1.701779,12.710190,3.120766,29.474850,4.471385,-278.418367,617.785529,1.169355,-42.809515,1.252329,-2.954927,0.108724,-0.563532,0.009741,-0.615497,40.168950,-10.013608,-6.711941,0.245058,0.421389,-0.034347,-11.215364,90.518322,3.208448
1.711731,4.594005,-2.562682,32.586972,15.531181,-259.765908,620.902390,1.478623,-43.574537,1.379336,-2.939002,0.155148,-0.589109,0.005463,-5.364793,41.556033,-8.767955,-5.216785,0.046020,0.475999,-0.021413,-12.776586,87.259475,4.995131
1.721683,11.242848,-5.455152,34.800454,15.957641,-243.808003,623.814270,2.306006,-47.176438,1.731206,-2.837362,0.192718,-0.623757,0.005095,-4.004093,37.803375,-8.053989,-4.854078,0.206189,0.748575,-0.024834,-9.028646,85.634174,5.585671
1.731635,17.913811,5.753489,35.204988,11.440337,-235.212521,623.676132,2.345800,-45.358206,1.845061,-2.524741,0.104381,-0.590480,0.009802,-1.633110,36.330660,-8.371208,-3.343561,0.604690,0.846780,-0.050066,-5.008505,91.089546,7.081744
1.741587,12.803430,19.188692,35.360637,13.251667,-227.681374,618.795584,5.131322,-40.562709,1.374216,-3.189137,0.149176,-0.616927,-0.001211,-6.075611,37.998552,-7.822757,-0.248943,0.831736,0.480755,-0.071331,-5.846977,96.392583,9.327262
1.751538,13.486791,13.481417,35.206899,24.707874,-226.868674,598.315716,11.236915,-40.192200,0.722283,-4.664740,0.289638,-0.673226,-0.012913,-11.203646,37.544739,-6.087286,1.525308,0.587088,0.208954,-0.049466,-6.334192,89.488259,9.712904
1.761490,15.974691,0.765236,36.175419,23.035387,-213.998248,581.434747,13.300271,-40.854578,0.560200,-4.507930,0.127691,-0.552991,0.007104,-10.784134,37.029512,-5.090395,1.917973,0.255735,0.177418,-0.008719,-6.828309,78.956268,9.809381
1.771442,4.603303,0.659256,38.578742,-4.032961,-159.919028,605.959197,10.512445,-41.115136,0.565019,-3.391785,-0.090741,-0.418095,0.028926,-8.679053,40.801144,-5.722981,3.445615,0.629227,0.151117,-0.025864,-10.891787,81.566367,10.347075
1.781394,-2.171435,0.752550,38.732298,-9.037655,-97.957181,642.093034,10.203281,-45.654020,-0.072234,-3.879131,0.162926,-0.551754,0.009982,-5.909788,45.866568,-7.617762,5.621924,1.617109,0.202321,-0.098365,-13.270112,90.209207,8.852060
1.791346,5.198305,-8.382559,37.051346,17.806418,-77.419724,626.800036,13.496207,-50.067683,-0.852654,-5.055409,0.474924,-0.730401,-0.011772,-6.291360,47.850356,-8.524724,8.917725,2.243543,0.043758,-0.147670,-9.696461,88.291196,7.713426
1.801298,-6.011930,-11.352184,39.429285,15.206906,-65.241821,589.821620,16.726666,-48.324261,-0.915846,-5.554428,0.371652,-0.722010,-0.001336,-22.087271,47.997734,-5.349632,17.483080,2.024039,-0.461846,-0.148313,-8.051157,80.361562,9.438394
1.811250,-49.683958,-0.272799,45.936930,-27.714582,-4.119441,584.096783,18.227978,-44.666936,-0.612212,-5.599300,0.179218,-0.661217,0.014299,-50.716480,46.878757,0.873708,30.184659,1.210497,-0.617861,-0.114020,-14.469120,79.477488,10.170461
1.821202,-84.651315,11.199614,47.925445,-52.556349,76.487356,585.660392,19.999087,-43.751037,-0.640914,-5.592503,0.167491,-0.622919,0.019707,-71.447921,45.308990,5.145706,39.881604,0.170679,-0.067521,-0.051176,-19.995066,85.372557,7.610316
1.831154,-96.786708,5.389984,49.814230,-59.571484,60.763043,591.749705,24.696037,-44.846736,-1.226279,-6.119921,0.214522,-0.575970,0.023635,-89.665207,48.075611,7.335514,45.313510,-0.997600,0.156319,0.017472,-18.341228,87.002022,7.603191
1.841106,-101.339819,-28.804811,57.147670,-75.488085,-58.683245,649.695472,28.894804,-48.166040,-1.775206,-6.794366,0.234425,-0.573090,0.023819,-107.236057,65.371729,7.119755,48.850358,-1.849832,-0.134824,0.047166,-14.345787,80.100140,12.203509
1.851058,-80.435595,-38.735290,56.874970,-10.600314,-76.461523,685.692821,28.268351,-50.448179,-1.218418,-6.640636,0.227924,-0.623648,0.021960,-88.867046,70.236925,1.128381,46.302615,-1.570862,0.061133,0.026151,-13.315996,80.226365,11.535933
1.861010,-59.615800,4.199544,54.779008,106.474337,45.258551,605.766940,26.594967,-48.805994,-0.301518,-6.386061,0.214109,-0.682997,0.028852,-59.912284,40.227668,-5.095465,41.798636,-1.022706,0.220273,0.020942,-17.657648,86.944540,6.207631
1.870962,-38.855683,25.681598,59.038227,85.333916,104.836616,532.789866,26.595453,-49.983163,-0.473808,-6.719320,0.238311,-0.692915,0.038076,-44.256472,19.736666,-7.726874,39.026691,-1.089909,0.155020,0.054909,-16.631627,84.662802,7.688290
1.880913,-15.407592,53.927583,67.776995,145.056105,130.221823,526.021076,25.145822,-52.465800,-0.473981,-6.686216,0.260320,-0.598660,0.038585,-20.388782,-9.302480,-12.139133,33.647926,-1.177116,-0.240053,0.110150,-18.892554,83.242252,10.421142
1.890865,-83.245174,45.265550,66.957139,450.810039,202.853296,568.645762,23.326537,-46.467025,1.071175,-6.012415,0.234922,-0.576527,0.032762,-31.737124,7.131140,-8.551596,35.327173,-1.429249,0.108691,0.095967,-44.089196,77.518683,8.522692
1.900817,-155.731050,-27.778489,58.350966,338.958795,77.915681,631.812291,24.493031,-36.266771,2.276326,-5.804777,0.198806,-0.671100,0.030500,-101.682072,83.534671,5.461632,47.629367,-1.862998,0.918162,0.005424,-38.795193,71.435484,11.059547
1.910769,-85.876822,-26.202153,53.723294,-207.349800,-134.191331,624.168181,27.480627,-31.626263,1.267466,-6.743149,0.169196,-0.625932,0.038614,-133.090496,89.954800,10.387374,49.383486,-1.826614,0.422248,-0.005464,10.741644,87.506258,14.964565
1.920721,-7.202315,-10.669154,36.971484,-254.756604,25.604141,583.555918,28.746052,-35.744602,0.099515,-7.917753,0.222551,-0.612459,0.040702,-59.575218,71.954060,1.895260,27.455258,-1.029999,0.570408,0.025448,8.894695,87.949457,11.730566
1.930673,1.475540,24.112691,29.562462,37.426497,337.041240,559.456876,28.013561,-35.585815,0.804901,-8.087229,0.291310,-0.591606,0.029824,28.433976,46.105424,-2.989764,-6.720296,0.054288,0.366659,0.037335,-33.800658,81.495925,7.871003
1.940625,25.664311,47.804398,38.623028,56.321902,422.120279,580.071039,31.129559,-34.883108,2.349809,-8.781027,0.159231,-0.513202,0.044304,54.394563,23.686960,-1.319132,-23.516396,1.136093,0.004968,-0.024180,-30.838092,82.640856,7.595127
1.950577,30.543649,54.208412,52.058919,72.476241,333.398470,611.075588,42.894473,-33.105156,2.443238,-10.789352,-0.026983,-0.426865,0.077697,17.301911,16.846117,0.069614,-6.529497,1.352495,0.171565,-0.093689,-12.511674,88.927935,8.267907
1.960529,24.135995,62.373969,52.431603,222.208680,233.348462,660.646213,59.931344,-28.301714,0.650098,-13.996146,0.190046,-0.474834,0.070538,-19.296589,25.567763,-0.996181,18.925727,0.705697,0.378127,-0.101424,-12.681848,102.649744,7.788167
1.970481,49.077215,43.716366,42.661033,247.058894,165.676954,716.982668,71.342241,-27.095439,-0.689638,-16.968769,0.490357,-0.668522,0.047176,-13.893728,51.981010,-3.202819,21.662792,0.802039,0.348297,-0.136053,-14.026080,110.498298,9.847119
1.980433,64.480529,7.687718,39.433774,90.871046,81.047673,686.814615,68.081615,-27.905618,0.413844,-16.404549,0.368681,-0.740497,0.049114,-4.538088,73.263639,-4.291615,8.833351,1.536310,0.221181,-0.197194,-5.308201,100.626783,13.314490
1.990385,39.202123,6.851576,44.795757,-57.829306,53.814063,636.605340,49.550920,-22.972020,2.814316,-10.579429,0.562423,-0.584272,0.001753,-16.581573,64.870407,-4.194444,2.799694,1.411401,0.252497,-0.164237,3.897293,91.937004,11.343144
2.000337,1.005198,31.876514,52.376187,-81.602219,146.465418,688.708663,27.646692,-20.053437,4.273873,-3.204233,1.412811,-0.604625,-0.109016,-27.517796,43.668526,-4.675938,6.134915,0.578520,0.400082,-0.058221,3.331121,99.859811,6.898206
2.010288,-5.949617,54.325183,53.779885,-94.956998,116.845387,653.823065,29.365230,-27.719660,3.954559,-4.109250,1.945694,-0.965017,-0.150431,-32.772444,31.194419,-4.552632,9.457138,-0.008351,0.411658,0.001038,-0.943513,112.165878,5.845154
2.020240,21.910674,72.181312,43.425888,-161.742460,-69.576618,462.608209,52.196284,-32.977370,2.563409,-13.207992,1.769230,-1.313822,-0.082917,-36.514295,30.743401,-3.582067,8.500855,-0.012066,0.479688,-0.021554,0.249705,115.465144,5.307863
2.030192,40.418851,64.767031,36.882567,-154.755922,-39.153166,484.652511,60.148629,-29.002083,0.880811,-19.216418,2.171571,-1.187322,-0.089106,-29.260853,38.031430,-3.902269,5.558337,0.165985,0.595403,-0.043246,3.541621,112.574696,2.553035
2.040144,29.641036,25.094760,45.135874,-85.690389,212.438491,769.781882,51.703035,-32.765305,-0.464652,-21.102280,3.853065,-0.225902,-0.254313,-20.023844,46.890358,-4.731154,5.198905,-0.191028,0.453481,0.000216,4.435586,113.106096,0.225726
2.050096,8.167329,-1.514222,52.730664,-43.786143,277.729405,869.964262,34.651817,-45.263463,2.216720,-16.275478,3.865020,0.351953,-0.273118,-13.494312,47.461528,-4.412790,5.623161,-0.570918,0.253652,0.036353,0.227831,109.790305,2.643328
2.060048,0.000000,0.000000,0.000000,0.000000,0.000000,0.000000,0.000000,0.000000,0.000000,0.000000,0.000000,0.000000,0.000000,0.000000,0.000000,0.000000,0.000000,0.000000,0.000000,0.000000,0.000000,0.000000,0.000000
